,Date,Snow,Tmin,Tmax,Tavg,Snow Day
0,2018-01-01,0.0,-13.8,-7.1,-10.8,0
1,2018-01-02,0.0,-10.5,-3.2,-7.4,0
2,2018-01-03,0.0,-8.8,-1.0,-6.4,0
3,2018-01-04,46.0,-7.1,-1.6,-4.3,0
4,2018-01-05,183.0,-12.7,-7.1,-10.6,0
5,2018-01-08,0.0,-8.2,-0.5,-4.5,0
6,2018-01-09,3.0,-1.0,6.7,1.8,0
7,2018-01-10,0.0,-1.0,6.1,0.1,0
8,2018-01-11,0.0,5.0,11.7,6.2,0
9,2018-01-12,0.0,6.7,16.1,13.4,0
10,2018-01-15,0.0,-8.8,-1.0,-5.2,0
11,2018-01-16,0.0,-3.8,2.2,-1.1,0
12,2018-01-17,25.0,-5.5,2.2,-0.6,0
13,2018-01-18,0.0,-7.7,0.0,-4.0,0
14,2018-01-19,0.0,-4.3,5.0,-1.4,0
15,2018-01-22,0.0,3.3,9.4,6.0,0
16,2018-01-23,0.0,3.3,15.6,9.3,0
17,2018-01-24,0.0,-2.7,6.7,3.3,0
18,2018-01-25,0.0,-4.9,1.1,-2.0,0
19,2018-01-26,0.0,-3.2,3.3,-0.5,0
20,2018-01-29,3.0,1.7,8.3,5.4,0
21,2018-01-30,30.0,-4.3,2.2,-0.2,0
22,2018-01-31,0.0,-7.7,0.6,-3.2,0
23,2018-02-01,0.0,0.0,7.2,3.3,0
24,2018-02-02,0.0,-8.2,5.0,-2.4,0
25,2018-02-05,0.0,-3.2,4.4,0.3,0
26,2018-02-06,20.0,-3.2,2.8,-0.6,0
27,2018-02-07,20.0,-1.0,7.2,0.7,0
28,2018-02-08,18.0,-3.8,0.6,-1.5,0
29,2018-02-09,0.0,-3.2,3.9,-1.1,0
30,2018-02-12,0.0,0.0,16.7,6.7,0
31,2018-02-13,0.0,-3.2,3.3,-0.3,0
32,2018-02-14,0.0,1.7,11.7,5.9,0
33,2018-02-15,0.0,7.8,16.7,11.1,0
34,2018-02-16,0.0,2.2,14.4,10.9,0
35,2018-02-19,0.0,2.2,9.4,4.9,0
36,2018-02-20,0.0,8.3,19.4,12.8,0
37,2018-02-21,0.0,12.8,25.6,18.3,0
38,2018-02-22,0.0,2.8,15.0,6.9,0
39,2018-02-23,0.0,2.2,5.6,3.5,0
40,2018-02-26,0.0,6.1,11.1,8.0,0
41,2018-02-27,0.0,3.9,13.3,7.2,0
42,2018-02-28,0.0,5.6,16.1,9.5,0
43,2018-03-01,0.0,6.7,15.6,11.5,0
44,2018-03-02,3.0,1.1,6.7,3.5,0
45,2018-03-05,0.0,0.6,6.1,3.1,0
46,2018-03-06,246.0,0.0,8.3,3.7,0
47,2018-03-07,251.0,0.6,3.9,1.5,0
48,2018-03-08,114.0,0.6,3.9,2.4,0
49,2018-03-09,0.0,-1.0,5.6,1.9,0
50,2018-03-12,0.0,0.0,6.1,3.0,0
51,2018-03-13,20.0,0.6,4.4,2.4,0
52,2018-03-14,0.0,-0.5,5.0,1.5,0
53,2018-03-15,0.0,0.0,8.9,3.4,0
54,2018-03-16,0.0,-1.0,4.4,1.8,0
55,2018-03-19,0.0,0.6,8.3,3.0,0
56,2018-03-20,0.0,-1.0,3.9,1.4,0
57,2018-03-21,198.0,-0.5,3.9,1.1,1
58,2018-03-22,28.0,0.0,10.0,4.8,2
59,2018-03-23,0.0,1.7,9.4,5.4,0
60,2018-03-26,0.0,1.1,10.0,4.0,0
61,2018-03-27,0.0,1.1,8.3,3.7,0
62,2018-03-28,0.0,3.3,11.1,7.1,0
63,2018-03-29,0.0,9.4,11.7,10.3,0
64,2018-03-30,0.0,6.7,16.7,10.7,0
65,2018-04-02,178.0,0.6,6.1,3.2,0
66,2018-04-03,0.0,3.9,6.1,3.6,0
67,2018-04-04,0.0,4.4,13.3,7.7,0
68,2018-04-05,0.0,1.1,7.2,3.8,0
69,2018-04-06,0.0,2.8,16.7,7.8,0
70,2018-04-09,0.0,0.0,9.4,3.8,0
71,2018-04-10,0.0,3.3,10.6,5.8,0
72,2018-04-11,0.0,2.8,10.6,5.7,0
73,2018-04-12,0.0,7.8,17.2,10.8,0
74,2018-04-13,0.0,15.6,27.8,20.4,0
75,2018-04-16,0.0,3.9,15.6,8.7,0
76,2018-04-17,0.0,3.9,8.3,6.6,0
77,2018-04-18,0.0,2.8,12.8,7.2,0
78,2018-04-19,0.0,3.3,9.4,6.6,0
79,2018-04-20,0.0,2.8,10.0,5.7,0
80,2018-04-23,0.0,7.8,20.0,12.0,0
81,2018-04-24,0.0,7.8,18.9,12.6,0
82,2018-04-25,0.0,11.1,15.6,13.3,0
83,2018-04-26,0.0,12.8,21.1,16.2,0
84,2018-04-27,0.0,10.6,15.0,12.4,0
85,2018-04-30,0.0,6.7,10.6,8.7,0
86,2018-05-01,0.0,8.9,26.7,16.9,0
87,2018-05-02,0.0,18.3,32.2,23.7,0
88,2018-05-03,0.0,21.1,33.3,26.1,0
89,2018-05-04,0.0,22.2,28.9,25.3,0
90,2018-05-07,0.0,12.2,25.0,17.4,0
91,2018-05-08,0.0,11.7,23.3,16.8,0
92,2018-05-09,0.0,12.2,25.0,17.7,0
93,2018-05-10,0.0,12.2,18.9,16.4,0
94,2018-05-11,0.0,15.6,22.8,18.3,0
95,2018-05-14,0.0,11.1,21.7,15.7,0
96,2018-05-15,0.0,16.1,31.1,22.3,0
97,2018-05-16,0.0,13.3,17.8,16.5,0
98,2018-05-17,0.0,13.3,21.7,18.0,0
99,2018-05-18,0.0,13.3,19.4,17.3,0
100,2018-05-21,0.0,14.4,26.1,19.9,0
101,2018-05-22,0.0,12.8,20.0,16.9,0
102,2018-05-23,0.0,15.0,27.2,21.0,0
103,2018-05-24,0.0,17.2,28.3,23.0,0
104,2018-05-25,0.0,18.3,30.0,24.8,0
105,2018-05-28,0.0,13.3,20.6,16.8,0
106,2018-05-29,0.0,17.2,31.7,24.7,0
107,2018-05-30,0.0,16.1,25.6,21.7,0
108,2018-05-31,0.0,17.2,20.0,19.7,0
109,2018-06-01,0.0,18.3,27.2,23.2,0
110,2018-06-04,0.0,10.6,21.7,15.9,0
111,2018-06-05,0.0,14.4,23.9,18.8,0
112,2018-06-06,0.0,14.4,21.7,17.6,0
113,2018-06-07,0.0,15.6,21.7,18.4,0
114,2018-06-08,0.0,15.6,27.8,22.3,0
115,2018-06-11,0.0,14.4,22.8,18.3,0
116,2018-06-12,0.0,13.9,23.9,18.7,0
117,2018-06-13,0.0,17.2,25.6,21.4,0
118,2018-06-14,0.0,19.4,28.9,24.6,0
119,2018-06-15,0.0,17.2,24.4,21.3,0
120,2018-06-18,0.0,22.8,32.8,28.0,0
121,2018-06-19,0.0,23.9,31.1,27.8,0
122,2018-06-20,0.0,20.6,28.3,24.8,0
123,2018-06-21,0.0,18.3,28.3,24.7,0
124,2018-06-22,0.0,16.7,23.9,22.2,0
125,2018-06-25,0.0,19.4,27.2,23.9,0
126,2018-06-26,0.0,16.1,25.6,21.3,0
127,2018-06-27,0.0,18.9,22.8,21.3,0
128,2018-06-28,0.0,21.1,28.3,24.7,0
129,2018-06-29,0.0,21.1,31.7,27.6,0
130,2018-07-02,0.0,26.1,35.0,30.4,0
131,2018-07-03,0.0,25.0,33.3,28.2,0
132,2018-07-04,0.0,25.0,30.0,27.3,0
133,2018-07-05,0.0,24.4,32.2,28.0,0
134,2018-07-06,0.0,20.6,26.7,26.1,0
135,2018-07-09,0.0,19.4,30.6,25.0,0
136,2018-07-10,0.0,22.2,33.9,27.9,0
137,2018-07-11,0.0,23.3,31.1,27.1,0
138,2018-07-12,0.0,17.8,28.9,25.0,0
139,2018-07-13,0.0,20.0,28.9,25.1,0
140,2018-07-16,0.0,23.9,32.2,28.4,0
141,2018-07-17,0.0,21.1,31.1,26.3,0
142,2018-07-18,0.0,18.9,29.4,25.0,0
143,2018-07-19,0.0,18.9,28.3,23.3,0
144,2018-07-20,0.0,20.6,27.8,23.8,0
145,2018-07-23,0.0,22.8,26.7,26.4,0
146,2018-07-24,0.0,23.9,27.8,27.1,0
147,2018-07-25,0.0,22.2,25.0,25.8,0
148,2018-07-26,0.0,22.2,29.4,26.7,0
149,2018-07-27,0.0,20.0,30.0,25.7,0
150,2018-07-30,0.0,20.0,25.6,23.7,0
151,2018-07-31,0.0,20.0,27.8,24.1,0
152,2018-08-01,0.0,23.3,28.9,27.3,0
153,2018-08-02,0.0,24.4,30.0,27.6,0
154,2018-08-03,0.0,22.8,29.4,26.1,0
155,2018-08-06,0.0,25.0,33.3,29.8,0
156,2018-08-07,0.0,23.3,32.2,28.2,0
157,2018-08-08,0.0,24.4,32.2,28.4,0
158,2018-08-09,0.0,22.8,30.0,27.6,0
159,2018-08-10,0.0,22.2,30.0,26.7,0
160,2018-08-13,0.0,21.7,23.9,23.4,0
161,2018-08-14,0.0,21.7,27.8,24.2,0
162,2018-08-15,0.0,21.1,30.0,26.5,0
163,2018-08-16,0.0,24.4,31.1,28.2,0
164,2018-08-17,0.0,22.2,30.6,27.8,0
165,2018-08-20,0.0,19.4,23.3,21.9,0
166,2018-08-21,0.0,18.9,26.1,23.4,0
167,2018-08-22,0.0,21.7,27.8,25.1,0
168,2018-08-23,0.0,18.3,25.0,22.4,0
169,2018-08-24,0.0,18.3,27.8,22.9,0
170,2018-08-27,0.0,23.3,31.1,27.3,0
171,2018-08-28,0.0,26.1,34.4,30.4,0
172,2018-08-29,0.0,27.2,33.3,30.8,0
173,2018-08-30,0.0,25.6,32.2,29.2,0
174,2018-08-31,0.0,20.6,25.6,23.2,0
175,2018-09-03,0.0,23.9,32.2,28.2,0
176,2018-09-04,0.0,25.0,33.3,29.3,0
177,2018-09-05,0.0,25.0,31.7,28.4,0
178,2018-09-06,0.0,22.8,33.9,28.4,0
179,2018-09-07,0.0,20.6,23.9,23.3,0
180,2018-09-10,0.0,12.2,17.8,15.1,0
181,2018-09-11,0.0,16.7,23.3,20.2,0
182,2018-09-12,0.0,21.7,25.0,23.6,0
183,2018-09-13,0.0,20.6,24.4,23.0,0
184,2018-09-14,0.0,20.0,23.9,22.6,0
185,2018-09-17,0.0,20.0,26.1,23.4,0
186,2018-09-18,0.0,21.1,26.1,24.2,0
187,2018-09-19,0.0,20.0,27.2,23.8,0
188,2018-09-20,0.0,18.3,22.2,20.6,0
189,2018-09-21,0.0,19.4,22.2,21.7,0
190,2018-09-24,0.0,13.9,20.6,16.8,0
191,2018-09-25,0.0,15.0,22.8,16.9,0
192,2018-09-26,0.0,20.6,27.8,24.3,0
193,2018-09-27,0.0,16.1,22.2,19.8,0
194,2018-09-28,0.0,13.3,18.3,15.8,0
195,2018-10-01,0.0,17.2,24.4,20.6,0
196,2018-10-02,0.0,18.3,25.0,22.7,0
197,2018-10-03,0.0,17.2,23.3,20.2,0
198,2018-10-04,0.0,16.1,24.4,20.3,0
199,2018-10-05,0.0,15.6,21.7,18.7,0
200,2018-10-08,0.0,17.8,23.3,19.3,0
201,2018-10-09,0.0,18.9,25.0,21.4,0
202,2018-10-10,0.0,21.7,26.7,23.7,0
203,2018-10-11,0.0,20.6,25.0,23.0,0
204,2018-10-12,0.0,10.6,20.0,15.7,0
205,2018-10-15,0.0,11.1,20.0,15.5,0
206,2018-10-16,0.0,8.3,15.6,11.8,0
207,2018-10-17,0.0,7.8,16.1,11.0,0
208,2018-10-18,0.0,5.6,10.0,7.7,0
209,2018-10-19,0.0,6.1,15.6,9.7,0
210,2018-10-22,0.0,3.9,10.0,6.1,0
211,2018-10-23,0.0,9.4,17.2,11.6,0
212,2018-10-24,0.0,6.7,12.2,9.3,0
213,2018-10-25,0.0,4.4,10.6,7.1,0
214,2018-10-26,0.0,3.3,10.0,6.3,0
215,2018-10-29,0.0,8.3,13.3,10.9,0
216,2018-10-30,0.0,5.6,12.8,8.7,0
217,2018-10-31,0.0,6.7,17.8,10.8,0
218,2018-11-01,0.0,13.9,21.1,17.1,0
219,2018-11-02,0.0,17.8,22.2,20.6,0
220,2018-11-05,0.0,8.9,11.7,9.9,0
221,2018-11-06,0.0,9.4,15.0,12.3,0
222,2018-11-07,0.0,10.6,16.7,14.1,0
223,2018-11-08,0.0,7.2,13.3,9.8,0
224,2018-11-09,0.0,4.4,11.1,7.3,0
225,2018-11-12,0.0,2.8,9.4,4.8,0
226,2018-11-13,0.0,6.1,10.0,7.4,0
227,2018-11-14,0.0,0.0,6.1,2.8,0
228,2018-11-15,152.0,-2.1,4.4,-0.5,0
229,2018-11-16,178.0,1.1,7.2,4.0,2
230,2018-11-19,0.0,5.0,10.0,7.3,0
231,2018-11-20,0.0,3.9,8.3,6.4,0
232,2018-11-21,0.0,-2.7,6.7,3.0,0
233,2018-11-22,3.0,-8.2,-2.1,-4.9,0
234,2018-11-23,0.0,-9.3,0.0,-4.8,0
235,2018-11-26,0.0,7.2,11.7,8.8,0
236,2018-11-27,0.0,2.8,7.2,5.6,0
237,2018-11-28,0.0,2.2,5.6,3.9,0
238,2018-11-29,0.0,3.3,7.8,5.2,0
239,2018-11-30,0.0,3.3,6.1,3.9,0
240,2018-12-03,0.0,7.8,12.8,10.9,0
241,2018-12-04,0.0,-0.5,7.8,3.2,0
242,2018-12-05,0.0,-2.1,2.8,-0.5,0
243,2018-12-06,0.0,-1.0,4.4,1.5,0
244,2018-12-07,0.0,-2.1,3.9,1.4,0
245,2018-12-10,0.0,-1.6,3.9,0.2,0
246,2018-12-11,0.0,-1.6,5.0,0.2,0
247,2018-12-12,0.0,0.6,5.0,1.8,0
248,2018-12-13,0.0,0.6,4.4,1.2,0
249,2018-12-14,0.0,4.4,10.6,7.2,0
250,2018-12-17,0.0,2.8,7.8,5.4,0
251,2018-12-18,0.0,-2.1,4.4,0.8,0
252,2018-12-19,0.0,-3.2,5.6,0.6,0
253,2018-12-20,0.0,2.8,8.3,3.1,0
254,2018-12-21,0.0,8.3,16.1,14.9,0
255,2018-12-24,0.0,2.2,6.1,3.7,0
256,2018-12-25,0.0,0.6,4.4,2.2,0
257,2018-12-26,0.0,0.0,6.1,2.4,0
258,2018-12-27,0.0,2.8,6.7,4.3,0
259,2018-12-28,0.0,6.1,15.6,10.5,0
260,2018-12-31,0.0,2.2,8.9,3.6,0
261,2019-01-01,0.0,3.9,14.4,9.6,0
262,2019-01-02,0.0,1.7,4.4,2.7,0
263,2019-01-03,0.0,2.8,6.7,4.4,0
264,2019-01-04,0.0,1.7,8.3,3.7,0
265,2019-01-07,0.0,-3.8,1.1,-1.7,0
266,2019-01-08,0.0,1.1,7.2,3.1,0
267,2019-01-09,0.0,1.1,7.2,5.1,0
268,2019-01-10,0.0,-2.1,1.1,0.2,0
269,2019-01-11,0.0,-6.0,-1.0,-3.4,0
270,2019-01-14,0.0,-5.5,0.0,-3.5,0
271,2019-01-15,0.0,-3.8,2.2,-2.1,0
272,2019-01-16,0.0,-1.0,3.9,0.1,0
273,2019-01-17,0.0,-4.3,0.6,-1.8,0
274,2019-01-18,10.0,-1.6,3.9,0.8,0
275,2019-01-21,0.0,-15.5,-9.9,-12.1,0
276,2019-01-22,0.0,-10.5,-0.5,-5.7,0
277,2019-01-23,0.0,-0.5,11.1,2.4,0
278,2019-01-24,0.0,1.7,15.0,9.7,0
279,2019-01-25,0.0,-2.1,4.4,1.5,0
280,2019-01-28,0.0,-3.8,3.3,-1.9,0
281,2019-01-29,0.0,-3.8,6.1,-0.1,0
282,2019-01-30,0.0,-14.3,1.7,-5.6,0
283,2019-01-31,8.0,-16.6,-8.8,-12.7,2
284,2019-02-01,0.0,-11.6,-6.0,-9.0,0
285,2019-02-04,0.0,5.0,16.1,6.3,0
286,2019-02-05,0.0,6.7,18.3,9.1,0
287,2019-02-06,0.0,1.7,7.8,5.0,0
288,2019-02-07,0.0,3.9,6.7,5.4,0
289,2019-02-08,0.0,0.0,12.8,6.3,0
290,2019-02-11,0.0,-1.0,3.3,1.0,0
291,2019-02-12,0.0,-3.2,2.2,-1.0,0
292,2019-02-13,25.0,0.6,5.0,2.5,0
293,2019-02-14,0.0,0.6,7.8,3.6,0
294,2019-02-15,0.0,5.6,15.0,10.5,0
295,2019-02-18,0.0,-3.2,5.6,1.3,0
296,2019-02-19,0.0,-4.9,2.2,-1.8,0
297,2019-02-20,41.0,-3.2,0.6,-2.2,0
298,2019-02-21,38.0,0.6,11.1,5.4,0
299,2019-02-22,0.0,2.2,6.7,4.7,0
300,2019-02-25,0.0,-2.1,6.1,3.2,0
301,2019-02-26,0.0,-3.8,2.2,-1.4,0
302,2019-02-27,0.0,-4.9,-0.5,-3.0,0
303,2019-02-28,8.0,-2.7,2.8,-0.5,0
304,2019-03-01,33.0,-3.2,1.7,-0.9,0
305,2019-03-04,61.0,-2.1,3.3,1.3,1
306,2019-03-05,0.0,-6.6,0.0,-3.1,0
307,2019-03-06,0.0,-7.1,-3.2,-5.1,0
308,2019-03-07,0.0,-7.7,0.0,-3.8,0
309,2019-03-08,0.0,-4.3,3.9,-0.8,0
310,2019-03-11,0.0,3.9,11.7,8.3,0
311,2019-03-12,0.0,1.1,6.7,3.5,0
312,2019-03-13,0.0,0.0,9.4,3.8,0
313,2019-03-14,0.0,5.6,13.9,9.6,0
314,2019-03-15,0.0,9.4,23.9,15.8,0
315,2019-03-18,0.0,0.0,7.8,3.2,0
316,2019-03-19,0.0,1.7,10.6,4.5,0
317,2019-03-20,0.0,2.8,11.7,5.7,0
318,2019-03-21,0.0,5.0,7.8,6.7,0
319,2019-03-22,0.0,3.3,9.4,6.8,0
320,2019-03-25,0.0,5.6,13.3,10.1,0
321,2019-03-26,0.0,0.6,9.4,4.8,0
322,2019-03-27,0.0,1.1,8.3,3.8,0
323,2019-03-28,0.0,2.8,11.7,6.0,0
324,2019-03-29,0.0,9.4,15.0,11.4,0
325,2019-04-01,0.0,0.6,7.8,4.1,0
326,2019-04-02,0.0,3.9,11.1,5.3,0
327,2019-04-03,0.0,5.0,19.4,11.5,0
328,2019-04-04,0.0,6.7,15.6,9.6,0
329,2019-04-05,0.0,3.3,7.2,4.5,0
330,2019-04-08,0.0,9.4,26.1,17.8,0
331,2019-04-09,0.0,7.8,10.6,9.1,0
332,2019-04-10,0.0,7.2,15.6,10.7,0
333,2019-04-11,0.0,4.4,12.8,7.6,0
334,2019-04-12,0.0,7.8,20.0,12.9,0
335,2019-04-15,0.0,7.8,18.3,13.9,0
336,2019-04-16,0.0,6.7,18.9,11.9,0
337,2019-04-17,0.0,8.9,17.2,12.3,0
338,2019-04-18,0.0,10.6,16.7,13.8,0
339,2019-04-19,0.0,14.4,26.7,20.4,0
340,2019-04-22,0.0,11.1,17.8,14.9,0
341,2019-04-23,0.0,13.3,25.0,18.6,0
342,2019-04-24,0.0,12.8,20.6,18.1,0
343,2019-04-25,0.0,8.9,18.9,13.1,0
344,2019-04-26,0.0,10.6,15.0,12.7,0
345,2019-04-29,0.0,5.0,15.6,9.7,0
346,2019-04-30,0.0,8.9,15.6,12.3,0
347,2019-05-01,0.0,10.0,13.3,12.2,0
348,2019-05-02,0.0,10.0,25.6,15.6,0
349,2019-05-03,0.0,10.0,13.3,12.1,0
350,2019-05-06,0.0,10.6,23.3,15.6,0
351,2019-05-07,0.0,11.1,21.1,16.7,0
352,2019-05-08,0.0,12.8,21.7,17.0,0
353,2019-05-09,0.0,11.7,16.1,13.6,0
354,2019-05-10,0.0,13.3,22.8,19.0,0
355,2019-05-13,0.0,5.6,8.9,7.8,0
356,2019-05-14,0.0,6.7,11.1,8.9,0
357,2019-05-15,0.0,6.7,20.6,14.3,0
358,2019-05-16,0.0,11.1,22.8,17.8,0
359,2019-05-17,0.0,15.6,24.4,20.3,0
360,2019-05-20,0.0,18.9,29.4,25.1,0
361,2019-05-21,0.0,13.3,21.7,18.1,0
362,2019-05-22,0.0,12.2,23.3,18.6,0
363,2019-05-23,0.0,12.8,22.2,19.1,0
364,2019-05-24,0.0,16.1,22.8,20.8,0
365,2019-05-27,0.0,17.8,26.7,23.2,0
366,2019-05-28,0.0,16.7,21.7,19.2,0
367,2019-05-29,0.0,13.3,21.1,17.1,0
368,2019-05-30,0.0,13.9,21.1,16.4,0
369,2019-05-31,0.0,17.2,26.7,21.6,0
370,2019-06-03,0.0,14.4,21.1,17.9,0
371,2019-06-04,0.0,12.2,21.1,17.4,0
372,2019-06-05,0.0,17.8,27.2,23.0,0
373,2019-06-06,0.0,20.0,28.3,25.4,0
374,2019-06-07,0.0,18.9,27.2,22.8,0
375,2019-06-10,0.0,15.6,21.1,17.9,0
376,2019-06-11,0.0,17.2,25.0,21.9,0
377,2019-06-12,0.0,15.0,23.3,19.5,0
378,2019-06-13,0.0,12.8,18.3,17.6,0
379,2019-06-14,0.0,14.4,22.8,18.9,0
380,2019-06-17,0.0,20.6,24.4,23.2,0
381,2019-06-18,0.0,19.4,22.8,21.9,0
382,2019-06-19,0.0,18.9,21.7,21.2,0
383,2019-06-20,0.0,18.3,25.6,22.2,0
384,2019-06-21,0.0,18.3,25.0,22.4,0
385,2019-06-24,0.0,19.4,28.9,24.9,0
386,2019-06-25,0.0,22.2,28.9,26.0,0
387,2019-06-26,0.0,22.2,30.6,27.0,0
388,2019-06-27,0.0,21.7,31.7,27.7,0
389,2019-06-28,0.0,22.8,31.7,27.5,0
390,2019-07-01,0.0,18.3,29.4,24.4,0
391,2019-07-02,0.0,21.7,29.4,26.1,0
392,2019-07-03,0.0,23.9,30.6,27.5,0
393,2019-07-04,0.0,23.3,32.2,27.7,0
394,2019-07-05,0.0,22.2,30.0,26.5,0
395,2019-07-08,0.0,20.0,25.6,23.3,0
396,2019-07-09,0.0,20.6,30.6,26.3,0
397,2019-07-10,0.0,23.3,31.1,27.6,0
398,2019-07-11,0.0,22.8,30.6,26.1,0
399,2019-07-12,0.0,22.2,30.6,26.6,0
400,2019-07-15,0.0,20.0,29.4,25.9,0
401,2019-07-16,0.0,22.2,32.8,28.3,0
402,2019-07-17,0.0,22.8,33.9,29.9,0
403,2019-07-18,0.0,21.7,26.1,24.5,0
404,2019-07-19,0.0,21.7,32.8,28.2,0
405,2019-07-22,0.0,22.2,32.2,27.0,0
406,2019-07-23,0.0,19.4,23.3,22.1,0
407,2019-07-24,0.0,19.4,28.3,24.6,0
408,2019-07-25,0.0,21.1,28.9,25.2,0
409,2019-07-26,0.0,20.6,31.1,25.6,0
410,2019-07-29,0.0,22.8,32.2,28.6,0
411,2019-07-30,0.0,25.6,33.3,29.4,0
412,2019-07-31,0.0,21.1,30.6,26.2,0
413,2019-08-01,0.0,21.1,30.6,26.2,0
414,2019-08-02,0.0,22.8,28.9,26.2,0
415,2019-08-05,0.0,21.1,27.8,24.6,0
416,2019-08-06,0.0,21.7,26.1,24.7,0
417,2019-08-07,0.0,20.6,28.9,24.6,0
418,2019-08-08,0.0,19.4,28.9,24.6,0
419,2019-08-09,0.0,20.0,28.3,24.4,0
420,2019-08-12,0.0,20.0,29.4,24.6,0
421,2019-08-13,0.0,21.7,26.1,24.9,0
422,2019-08-14,0.0,22.8,28.9,24.9,0
423,2019-08-15,0.0,21.1,29.4,25.3,0
424,2019-08-16,0.0,20.0,26.1,24.2,0
425,2019-08-19,0.0,22.2,32.2,27.1,0
426,2019-08-20,0.0,23.9,31.1,27.2,0
427,2019-08-21,0.0,23.3,30.6,27.0,0
428,2019-08-22,0.0,21.7,32.2,27.1,0
429,2019-08-23,0.0,18.3,23.3,21.9,0
430,2019-08-26,0.0,16.1,23.3,19.7,0
431,2019-08-27,0.0,16.7,23.9,20.0,0
432,2019-08-28,0.0,19.4,23.3,21.8,0
433,2019-08-29,0.0,18.3,27.2,23.3,0
434,2019-08-30,0.0,19.4,30.0,24.1,0
435,2019-09-02,0.0,20.6,23.3,23.3,0
436,2019-09-03,0.0,19.4,27.8,23.3,0
437,2019-09-04,0.0,20.0,30.6,25.0,0
438,2019-09-05,0.0,18.3,23.3,21.1,0
439,2019-09-06,0.0,14.4,19.4,17.8,0
440,2019-09-09,0.0,17.8,25.6,21.6,0
441,2019-09-10,0.0,18.9,24.4,22.2,0
442,2019-09-11,0.0,20.6,31.1,25.8,0
443,2019-09-12,0.0,16.1,27.2,23.5,0
444,2019-09-13,0.0,13.9,22.2,18.1,0
445,2019-09-16,0.0,20.0,25.0,22.3,0
446,2019-09-17,0.0,16.7,24.4,20.5,0
447,2019-09-18,0.0,13.9,20.6,17.2,0
448,2019-09-19,0.0,11.1,21.1,15.9,0
449,2019-09-20,0.0,13.3,25.6,18.6,0
450,2019-09-23,0.0,21.1,31.7,26.7,0
451,2019-09-24,0.0,17.2,24.4,21.5,0
452,2019-09-25,0.0,14.4,26.1,19.8,0
453,2019-09-26,0.0,17.2,28.3,19.7,0
454,2019-09-27,0.0,15.0,24.4,18.8,0
455,2019-09-30,0.0,15.6,21.7,18.2,0
456,2019-10-01,0.0,17.2,27.2,22.4,0
457,2019-10-02,0.0,17.2,33.9,26.3,0
458,2019-10-03,0.0,11.7,17.2,13.5,0
459,2019-10-04,0.0,10.0,18.9,15.1,0
460,2019-10-07,0.0,15.0,26.1,22.0,0
461,2019-10-08,0.0,13.9,17.8,15.9,0
462,2019-10-09,0.0,10.6,15.0,13.5,0
463,2019-10-10,0.0,11.7,21.7,16.4,0
464,2019-10-11,0.0,12.8,17.8,15.8,0
465,2019-10-14,0.0,14.4,22.2,18.2,0
466,2019-10-15,0.0,10.6,17.8,14.1,0
467,2019-10-16,0.0,11.1,18.9,15.0,0
468,2019-10-17,0.0,10.6,13.9,12.5,0
469,2019-10-18,0.0,8.3,14.4,11.6,0
470,2019-10-21,0.0,10.6,19.4,14.4,0
471,2019-10-22,0.0,12.8,17.2,14.0,0
472,2019-10-23,0.0,12.2,18.3,16.2,0
473,2019-10-24,0.0,10.0,19.4,13.2,0
474,2019-10-25,0.0,11.1,18.3,13.3,0
475,2019-10-28,0.0,12.8,17.2,14.8,0
476,2019-10-29,0.0,12.2,15.0,14.2,0
477,2019-10-30,0.0,14.4,17.2,16.1,0
478,2019-10-31,0.0,15.6,21.7,19.9,0
479,2019-11-01,0.0,5.6,21.7,11.5,0
480,2019-11-04,0.0,5.0,13.3,8.4,0
481,2019-11-05,0.0,10.6,16.1,11.1,0
482,2019-11-06,0.0,7.2,12.2,9.2,0
483,2019-11-07,0.0,5.0,13.9,8.6,0
484,2019-11-08,0.0,-1.6,5.0,1.6,0
485,2019-11-11,0.0,7.8,16.7,10.5,0
486,2019-11-12,0.0,-3.8,13.9,4.1,0
487,2019-11-13,0.0,-4.9,1.1,-2.6,0
488,2019-11-14,0.0,-2.1,7.2,1.4,0
489,2019-11-15,0.0,2.8,10.6,5.1,0
490,2019-11-18,0.0,2.8,5.6,4.1,0
491,2019-11-19,0.0,4.4,8.9,6.6,0
492,2019-11-20,0.0,4.4,9.4,6.1,0
493,2019-11-21,0.0,3.9,11.7,7.6,0
494,2019-11-22,0.0,3.3,11.7,8.4,0
495,2019-11-25,0.0,3.9,11.7,7.4,0
496,2019-11-26,0.0,6.7,16.1,8.9,0
497,2019-11-27,0.0,9.4,15.0,10.6,0
498,2019-11-28,0.0,2.8,11.7,7.9,0
499,2019-11-29,0.0,-1.0,4.4,1.0,0
500,2019-12-02,13.0,-0.5,2.8,1.1,0
501,2019-12-03,64.0,-1.0,2.2,0.5,2
502,2019-12-04,0.0,0.0,3.9,1.9,0
503,2019-12-05,0.0,2.2,5.6,3.3,0
504,2019-12-06,0.0,1.1,10.0,5.0,0
505,2019-12-09,0.0,5.6,12.8,8.0,0
506,2019-12-10,13.0,3.9,14.4,12.5,0
507,2019-12-11,25.0,-0.5,4.4,1.6,0
508,2019-12-12,0.0,-3.2,2.2,-0.5,0
509,2019-12-13,0.0,0.6,8.9,3.8,0
510,2019-12-16,0.0,0.6,2.8,1.6,0
511,2019-12-17,0.0,0.0,1.7,0.5,2
512,2019-12-18,0.0,-6.0,2.2,-0.5,0
513,2019-12-19,8.0,-8.8,-3.8,-6.3,0
514,2019-12-20,0.0,-5.5,0.6,-3.1,0
515,2019-12-23,0.0,5.0,13.9,5.2,0
516,2019-12-24,0.0,2.2,8.3,4.9,0
517,2019-12-25,0.0,0.0,8.3,1.7,0
518,2019-12-26,0.0,2.2,7.8,3.4,0
519,2019-12-27,0.0,7.8,12.2,8.6,0
520,2019-12-30,0.0,2.8,5.0,4.5,0
521,2019-12-31,0.0,2.2,7.2,5.2,0
522,2020-01-01,0.0,1.1,5.0,3.4,0
523,2020-01-02,0.0,0.6,9.4,3.6,0
524,2020-01-03,0.0,6.7,9.4,7.9,0
525,2020-01-06,8.0,0.0,7.2,3.4,0
526,2020-01-07,0.0,2.2,7.2,4.0,0
527,2020-01-08,0.0,-2.1,5.6,1.7,0
528,2020-01-09,0.0,-4.9,1.1,-1.5,0
529,2020-01-10,0.0,0.6,12.8,6.3,0
530,2020-01-13,0.0,2.8,7.8,5.2,0
531,2020-01-14,0.0,3.9,7.8,5.0,0
532,2020-01-15,0.0,5.0,10.0,7.5,0
533,2020-01-16,0.0,0.6,9.4,6.5,0
534,2020-01-17,0.0,-6.0,0.6,-2.7,0
535,2020-01-20,0.0,-6.6,-0.5,-3.1,0
536,2020-01-21,0.0,-6.6,0.6,-3.0,0
537,2020-01-22,0.0,-3.8,3.3,-0.8,0
538,2020-01-23,0.0,0.6,8.3,2.2,0
539,2020-01-24,0.0,2.8,10.6,5.3,0
540,2020-01-27,0.0,2.8,7.2,4.9,0
541,2020-01-28,0.0,2.8,6.1,4.1,0
542,2020-01-29,0.0,-0.5,5.0,1.6,0
543,2020-01-30,0.0,-3.8,3.3,-1.2,0
544,2020-01-31,0.0,0.6,6.7,1.9,0
545,2020-02-03,0.0,2.8,13.9,7.1,0
546,2020-02-04,0.0,6.1,16.1,8.8,0
547,2020-02-05,0.0,3.9,12.8,5.0,0
548,2020-02-06,0.0,1.7,5.0,3.7,0
549,2020-02-07,0.0,0.6,13.3,4.2,0
550,2020-02-10,0.0,5.6,8.3,5.9,0
551,2020-02-11,0.0,6.1,8.9,7.2,0
552,2020-02-12,0.0,2.8,7.8,5.1,0
553,2020-02-13,0.0,2.8,6.7,3.7,0
554,2020-02-14,0.0,-7.7,4.4,-1.7,0
555,2020-02-17,0.0,3.3,10.6,5.1,0
556,2020-02-18,0.0,3.3,8.3,4.7,0
557,2020-02-19,0.0,0.0,8.9,5.1,0
558,2020-02-20,0.0,-3.2,1.7,-0.7,0
559,2020-02-21,0.0,-6.6,1.7,-2.9,0
560,2020-02-24,0.0,5.0,16.7,8.2,0
561,2020-02-25,0.0,7.8,11.7,8.7,0
562,2020-02-26,0.0,6.1,8.9,7.7,0
563,2020-02-27,0.0,-0.5,6.1,3.9,0
564,2020-02-28,0.0,-1.6,5.6,0.7,0
565,2020-03-02,0.0,4.4,14.4,7.6,0
566,2020-03-03,0.0,9.4,15.0,11.0,0
567,2020-03-04,0.0,7.2,13.3,9.3,0
568,2020-03-05,0.0,3.9,10.6,6.7,0
569,2020-03-06,0.0,2.8,7.2,4.1,0
570,2020-03-09,0.0,8.3,22.2,12.6,0
571,2020-03-10,0.0,12.2,18.3,14.1,0
572,2021-06-30,0.0,22.8,36.7,30.7,0
573,2021-07-01,0.0,22.2,28.9,24.4,0
574,2021-07-02,0.0,16.7,26.1,22.0,0
575,2021-07-05,0.0,19.4,28.3,23.6,0
576,2021-07-06,0.0,21.7,33.3,26.9,0
577,2021-07-07,0.0,21.7,32.8,27.9,0
578,2021-07-08,0.0,21.7,28.9,25.0,0
579,2021-07-09,0.0,21.1,29.4,24.7,0
580,2021-07-12,0.0,22.2,30.0,24.6,0
581,2021-07-13,0.0,20.6,22.2,21.4,0
582,2021-07-14,0.0,20.6,30.6,24.8,0
583,2021-07-15,0.0,23.3,31.7,27.8,0
584,2021-07-16,0.0,26.1,32.8,28.9,0
585,2021-07-19,0.0,21.7,27.2,24.0,0
586,2021-07-20,0.0,22.8,30.0,25.9,0
587,2021-07-21,0.0,21.1,26.7,24.4,0
588,2021-07-22,0.0,19.4,27.2,22.7,0
589,2021-07-23,0.0,19.4,28.3,22.7,0
590,2021-07-26,0.0,22.2,31.1,26.8,0
591,2021-07-27,0.0,22.8,31.7,26.4,0
592,2021-07-28,0.0,20.6,27.2,23.2,0
593,2021-07-29,0.0,20.6,25.0,22.7,0
594,2021-07-30,0.0,19.4,27.8,23.0,0
595,2021-08-02,0.0,17.2,26.7,21.4,0
596,2021-08-03,0.0,18.3,26.1,21.1,0
597,2021-08-04,0.0,19.4,24.4,21.3,0
598,2021-08-05,0.0,20.6,27.2,23.0,0
599,2021-08-06,0.0,21.1,31.1,25.0,0
600,2021-08-09,0.0,20.6,27.2,23.3,0
601,2021-08-10,0.0,21.7,28.9,24.5,0
602,2021-08-11,0.0,22.8,31.7,26.4,0
603,2021-08-12,0.0,23.3,33.9,27.5,0
604,2021-08-13,0.0,25.6,34.4,29.3,0
605,2021-08-16,0.0,20.6,28.3,23.1,0
606,2021-08-17,0.0,22.8,27.2,24.2,0
607,2021-08-18,0.0,23.3,28.3,25.6,0
608,2021-08-19,0.0,23.9,29.4,26.5,0
609,2021-08-20,0.0,23.9,27.8,25.1,0
610,2021-08-23,0.0,21.7,28.3,24.3,0
611,2021-08-24,0.0,22.2,31.7,26.4,0
612,2021-08-25,0.0,22.2,32.8,26.9,0
613,2021-08-26,0.0,25.6,32.8,28.2,0
614,2021-08-27,0.0,23.9,33.9,27.9,0
615,2021-08-30,0.0,22.8,29.4,25.3,0
616,2021-08-31,0.0,22.8,28.3,24.9,0
617,2021-09-01,0.0,17.2,25.6,20.8,0
618,2021-09-02,0.0,16.1,25.0,19.5,0
619,2021-09-03,0.0,15.0,23.3,19.0,0
620,2021-09-06,0.0,20.6,27.2,22.9,0
621,2021-09-07,0.0,18.3,26.1,21.4,0
622,2021-09-08,0.0,21.1,27.8,23.5,0
623,2021-09-09,0.0,20.0,24.4,21.1,0
624,2021-09-10,0.0,17.2,23.3,19.6,0
625,2021-09-13,0.0,19.4,28.3,25.2,0
626,2021-09-14,0.0,19.4,26.7,22.6,0
627,2021-09-15,0.0,21.7,29.4,25.1,0
628,2021-09-16,0.0,21.7,24.4,22.6,0
629,2021-09-17,0.0,20.6,23.9,21.8,0
630,2021-09-20,0.0,17.2,23.9,18.7,0
631,2021-09-21,0.0,17.2,24.4,20.0,0
632,2021-09-22,0.0,22.2,26.1,24.0,0
633,2021-09-23,0.0,17.8,26.1,24.1,0
634,2021-09-24,0.0,13.9,22.2,17.9,0
635,2021-09-27,0.0,16.7,25.6,19.8,0
636,2021-09-28,0.0,16.1,21.7,19.0,0
637,2021-09-29,0.0,12.2,20.0,15.8,0
638,2021-09-30,0.0,12.8,18.3,15.2,0
639,2021-10-01,0.0,10.6,19.4,13.8,0
640,2021-10-04,0.0,16.7,22.8,19.0,0
641,2021-10-05,0.0,15.6,18.3,16.4,0
642,2021-10-06,0.0,16.1,20.6,17.9,0
643,2021-10-07,0.0,16.7,22.8,19.1,0
644,2021-10-08,0.0,16.1,24.4,19.3,0
645,2021-10-11,0.0,16.1,21.7,18.6,0
646,2021-10-12,0.0,16.1,20.6,17.6,0
647,2021-10-13,0.0,16.1,20.6,18.4,0
648,2021-10-14,0.0,16.7,24.4,20.2,0
649,2021-10-15,0.0,17.2,26.1,20.7,0
650,2021-10-18,0.0,9.4,14.4,10.8,0
651,2021-10-19,0.0,8.3,18.9,12.5,0
652,2021-10-20,0.0,13.3,23.9,18.7,0
653,2021-10-21,0.0,15.0,22.8,18.3,0
654,2021-10-22,0.0,13.9,20.6,17.3,0
655,2021-10-25,0.0,12.8,22.8,17.7,0
656,2021-10-26,0.0,12.2,17.2,14.5,0
657,2021-10-27,0.0,11.7,16.1,14.2,0
658,2021-10-28,0.0,9.4,13.9,11.6,0
659,2021-10-29,0.0,8.3,13.3,10.8,0
660,2021-11-01,0.0,10.0,14.4,12.1,0
661,2021-11-02,0.0,6.7,11.7,9.3,0
662,2021-11-03,0.0,5.0,10.6,6.4,0
663,2021-11-04,0.0,3.9,10.0,5.8,0
664,2021-11-05,0.0,3.9,10.6,5.4,0
665,2021-11-08,0.0,6.7,17.2,10.7,0
666,2021-11-09,0.0,10.0,20.0,12.6,0
667,2021-11-10,0.0,9.4,17.8,13.2,0
668,2021-11-11,0.0,7.2,16.1,10.3,0
669,2021-11-12,0.0,10.6,18.3,15.7,0
670,2021-11-15,0.0,3.9,8.3,5.2,0
671,2021-11-16,0.0,2.2,9.4,5.3,0
672,2021-11-17,0.0,3.3,13.9,7.3,0
673,2021-11-18,0.0,7.8,20.6,12.6,0
674,2021-11-19,0.0,3.9,8.9,6.1,0
675,2021-11-22,0.0,1.7,12.8,7.6,0
676,2021-11-23,0.0,0.0,5.6,1.7,0
677,2021-11-24,0.0,-1.0,7.2,2.6,0
678,2021-11-25,0.0,3.9,13.3,6.5,0
679,2021-11-26,0.0,2.8,8.3,5.4,0
680,2021-11-29,0.0,0.6,7.2,2.5,0
681,2021-11-30,0.0,-0.5,5.0,1.0,0
682,2021-12-01,0.0,4.4,9.4,5.9,0
683,2021-12-02,0.0,7.2,14.4,10.5,0
684,2021-12-03,0.0,2.8,8.9,5.7,0
685,2021-12-06,0.0,6.1,16.1,10.8,0
686,2021-12-07,0.0,2.2,6.1,3.2,0
687,2021-12-08,0.0,1.1,5.6,2.5,0
688,2021-12-09,0.0,-0.5,3.9,1.3,0
689,2021-12-10,0.0,3.3,10.0,5.9,0
690,2021-12-13,0.0,4.4,11.7,6.2,0
691,2021-12-14,0.0,6.7,11.7,6.8,0
692,2021-12-15,0.0,4.4,13.9,6.5,0
693,2021-12-16,0.0,12.2,16.7,13.2,0
694,2021-12-17,0.0,8.9,15.6,11.8,0
695,2021-12-20,0.0,-3.8,2.8,-1.6,0
696,2021-12-21,0.0,-0.5,6.1,0.8,0
697,2021-12-22,0.0,0.6,8.3,4.0,0
698,2021-12-23,0.0,-0.5,2.2,0.0,0
699,2021-12-24,0.0,-1.0,4.4,1.0,0
700,2021-12-27,0.0,1.1,3.9,1.4,0
701,2021-12-28,0.0,2.2,8.3,4.8,0
702,2021-12-29,0.0,5.0,6.7,5.4,0
703,2021-12-30,0.0,6.1,9.4,7.0,0
704,2021-12-31,0.0,8.9,12.8,9.3,0
705,2022-01-03,0.0,-5.5,2.8,-1.9,0
706,2022-01-04,0.0,-7.1,1.1,-3.7,0
707,2022-01-05,0.0,-0.5,8.3,1.5,0
708,2022-01-06,0.0,1.1,5.0,1.5,0
709,2022-01-07,155.0,-3.8,1.1,-1.8,1
710,2022-01-10,0.0,-4.3,4.4,-1.5,0
711,2022-01-11,0.0,-9.3,-4.3,-8.2,0
712,2022-01-12,0.0,-6.6,4.4,-2.8,0
713,2022-01-13,0.0,1.1,8.9,2.2,0
714,2022-01-14,0.0,-6.0,6.1,2.2,0
715,2022-01-17,25.0,1.1,6.7,3.0,0
716,2022-01-18,0.0,-1.6,2.2,-0.2,0
717,2022-01-19,0.0,-2.1,9.4,2.2,0
718,2022-01-20,0.0,-5.5,7.8,0.8,0
719,2022-01-21,0.0,-9.9,-5.5,-8.4,0
720,2022-01-24,8.0,-3.2,2.2,-1.3,0
721,2022-01-25,0.0,-2.1,5.6,1.5,0
722,2022-01-26,0.0,-6.6,-2.1,-5.0,0
723,2022-01-27,0.0,-8.2,0.0,-5.0,0
724,2022-01-28,0.0,-1.6,0.0,-1.2,0
725,2022-01-31,0.0,-6.0,-0.5,-5.5,0
726,2022-02-01,0.0,-4.9,2.2,-2.9,0
727,2022-02-02,0.0,0.0,8.3,2.7,0
728,2022-02-03,0.0,5.6,11.1,5.4,0
729,2022-02-04,0.0,-3.2,13.9,2.5,3
730,2022-02-07,0.0,-1.0,2.8,0.0,0
731,2022-02-08,0.0,0.0,7.2,2.4,0
732,2022-02-09,0.0,-1.6,7.8,1.4,0
733,2022-02-10,0.0,2.8,12.2,4.9,0
734,2022-02-11,0.0,3.3,13.9,6.6,0
735,2022-02-14,13.0,-8.8,-3.8,-6.6,0
736,2022-02-15,0.0,-8.8,-1.0,-5.4,0
737,2022-02-16,0.0,-2.1,9.4,0.6,0
738,2022-02-17,0.0,9.4,20.0,12.8,0
739,2022-02-18,0.0,-2.7,17.2,6.7,0
740,2022-02-21,0.0,0.0,12.8,3.5,0
741,2022-02-22,0.0,2.8,16.1,7.7,0
742,2022-02-23,0.0,1.7,20.0,13.1,0
743,2022-02-24,0.0,-1.6,1.7,-0.7,0
744,2022-02-25,13.0,-3.2,5.0,0.0,0
745,2022-02-28,0.0,-3.2,2.2,-0.8,0
746,2022-03-01,0.0,-0.5,8.9,3.0,0
747,2022-03-02,0.0,4.4,11.1,6.5,0
748,2022-03-03,0.0,-4.3,8.9,2.8,0
749,2022-03-04,0.0,-6.0,2.8,-2.3,0
750,2022-03-07,0.0,10.0,23.3,18.3,0
751,2022-03-08,0.0,3.9,10.0,5.6,0
752,2022-03-09,0.0,0.6,5.0,2.1,0
753,2022-03-10,10.0,0.6,10.6,3.4,0
754,2022-03-11,0.0,4.4,12.8,5.9,0
755,2022-03-14,0.0,0.6,13.3,5.9,0
756,2022-03-15,0.0,7.8,20.0,11.2,0
757,2022-03-16,0.0,8.9,19.4,12.7,0
758,2022-03-17,0.0,7.2,11.7,9.5,0
759,2022-03-18,0.0,10.0,23.3,14.1,0
760,2022-03-21,0.0,6.7,16.7,10.7,0
761,2022-03-22,0.0,6.1,14.4,9.9,0
762,2022-03-23,0.0,3.3,9.4,5.7,0
763,2022-03-24,0.0,3.3,8.3,5.7,0
764,2022-03-25,0.0,6.7,15.6,9.8,0
765,2022-03-28,0.0,-4.9,0.6,-3.3,0
766,2022-03-29,0.0,-4.3,3.3,-1.2,0
767,2022-03-30,0.0,-1.6,8.3,2.3,0
768,2022-03-31,0.0,7.2,18.9,12.8,0
769,2022-04-01,0.0,6.1,16.1,11.1,0
770,2022-04-04,0.0,3.9,12.2,7.4,0
771,2022-04-05,0.0,7.2,13.9,8.5,0
772,2022-04-06,0.0,6.7,11.7,9.1,0
773,2022-04-07,0.0,7.2,12.2,9.1,0
774,2022-04-08,0.0,9.4,18.3,12.4,0
775,2022-04-11,0.0,4.4,16.1,9.0,0
776,2022-04-12,0.0,10.0,22.2,14.6,0
777,2022-04-13,0.0,12.8,21.7,16.0,0
778,2022-04-14,0.0,13.9,26.1,20.3,0
779,2022-04-15,0.0,11.1,21.1,15.1,0
780,2022-04-18,0.0,3.9,12.2,6.2,0
781,2022-04-19,0.0,3.9,10.0,6.7,0
782,2022-04-20,0.0,5.6,15.6,9.7,0
783,2022-04-21,0.0,6.7,15.0,10.6,0
784,2022-04-22,0.0,11.7,21.1,14.2,0
785,2022-04-25,0.0,7.8,14.4,11.3,0
786,2022-04-26,0.0,11.1,15.6,12.7,0
787,2022-04-27,0.0,5.0,14.4,9.8,0
788,2022-04-28,0.0,4.4,14.4,8.0,0
789,2022-04-29,0.0,5.0,17.2,10.1,0
790,2022-05-02,0.0,10.6,13.3,12.0,0
791,2022-05-03,0.0,10.6,16.7,13.2,0
792,2022-05-04,0.0,10.0,18.3,13.2,0
793,2022-05-05,0.0,13.3,23.3,17.3,0
794,2022-05-06,0.0,9.4,16.1,13.0,0
795,2022-05-09,0.0,8.3,21.1,14.3,0
796,2022-05-10,0.0,10.6,22.8,15.5,0
797,2022-05-11,0.0,11.7,23.9,17.3,0
798,2022-05-12,0.0,14.4,23.9,17.9,0
799,2022-05-13,0.0,13.9,22.2,18.1,0
800,2022-05-16,0.0,16.1,23.9,21.0,0
801,2022-05-17,0.0,13.9,25.0,18.8,0
802,2022-05-18,0.0,12.8,22.2,17.5,0
803,2022-05-19,0.0,12.2,18.9,15.2,0
804,2022-05-20,0.0,12.8,20.6,16.5,0
805,2022-05-23,0.0,16.1,22.8,19.4,0
806,2022-05-24,0.0,13.9,19.4,16.9,0
807,2022-05-25,0.0,11.7,21.1,16.0,0
808,2022-05-26,0.0,12.2,21.1,17.4,0
809,2022-05-27,0.0,18.3,26.7,20.9,0
810,2022-05-30,0.0,17.2,28.9,23.9,0
811,2022-05-31,0.0,18.3,33.9,28.3,0
812,2022-06-01,0.0,15.6,22.2,17.2,0
813,2022-06-02,0.0,16.7,26.1,20.6,0
814,2022-06-03,0.0,16.7,24.4,20.9,0
815,2022-06-06,0.0,17.2,26.7,20.9,0
816,2022-06-07,0.0,17.2,25.6,21.0,0
817,2022-06-08,0.0,18.9,27.8,23.9,0
818,2022-06-09,0.0,18.3,27.2,23.4,0
819,2022-06-10,0.0,17.2,25.0,20.9,0
820,2022-06-13,0.0,20.0,29.4,24.4,0
821,2022-06-14,0.0,20.0,27.2,22.9,0
822,2022-06-15,0.0,18.9,28.3,22.3,0
823,2022-06-16,0.0,16.1,21.7,20.3,0
824,2022-06-17,0.0,20.6,31.1,25.6,0
825,2022-06-20,0.0,13.9,25.6,19.8,0
826,2022-06-21,0.0,17.2,26.7,20.4,0
827,2022-06-22,0.0,16.7,19.4,18.6,0
828,2022-06-23,0.0,16.1,23.3,19.5,0
829,2022-06-24,0.0,17.2,27.2,22.1,0
830,2022-06-27,0.0,20.6,25.0,23.2,0
831,2022-06-28,0.0,18.9,26.1,22.0,0
832,2022-06-29,0.0,18.9,28.9,23.1,0
833,2022-06-30,0.0,20.6,30.0,24.9,0
834,2022-07-01,0.0,22.8,32.8,27.9,0
835,2022-07-04,0.0,18.3,29.4,24.4,0
836,2022-07-05,0.0,21.1,30.6,25.5,0
837,2022-07-06,0.0,21.7,29.4,26.5,0
838,2022-07-07,0.0,20.6,28.9,24.3,0
839,2022-07-08,0.0,20.0,28.3,23.2,0
840,2022-07-11,0.0,19.4,29.4,23.8,0
841,2022-07-12,0.0,21.1,32.2,27.0,0
842,2022-07-13,0.0,23.3,32.8,27.4,0
843,2022-07-14,0.0,22.2,32.2,26.4,0
844,2022-07-15,0.0,22.8,30.0,24.8,0
845,2022-07-18,0.0,20.6,27.2,24.7,0
846,2022-07-19,0.0,22.8,32.2,27.5,0
847,2022-07-20,0.0,25.6,35.0,30.0,0
848,2022-07-21,0.0,23.3,33.3,29.4,0
849,2022-07-22,0.0,25.6,34.4,28.6,0
850,2022-07-25,0.0,22.8,30.0,28.4,0
851,2022-07-26,0.0,21.7,27.2,24.5,0
852,2022-07-27,0.0,21.1,29.4,24.6,0
853,2022-07-28,0.0,22.8,30.6,27.2,0
854,2022-07-29,0.0,22.2,29.4,26.4,0
855,2022-08-01,0.0,20.0,25.0,22.3,0
856,2022-08-02,0.0,22.2,32.2,26.9,0
857,2022-08-03,0.0,21.7,31.7,26.9,0
858,2022-08-04,0.0,24.4,33.9,28.5,0
859,2022-08-05,0.0,25.6,31.7,28.2,0
860,2022-08-08,0.0,26.1,33.9,30.5,0
861,2022-08-09,0.0,25.6,36.1,30.9,0
862,2022-08-10,0.0,23.9,30.6,26.5,0
863,2022-08-11,0.0,22.2,31.7,26.8,0
864,2022-08-12,0.0,21.7,29.4,25.1,0
865,2022-08-15,0.0,20.0,28.3,23.0,0
866,2022-08-16,0.0,18.9,28.3,23.3,0
867,2022-08-17,0.0,17.2,27.2,22.3,0
868,2022-08-18,0.0,16.7,30.6,23.6,0
869,2022-08-19,0.0,20.6,32.2,25.2,0
870,2022-08-22,0.0,22.8,26.1,23.8,0
871,2022-08-23,0.0,22.2,30.0,25.1,0
872,2022-08-24,0.0,21.7,32.2,25.9,0
873,2022-08-25,0.0,22.2,32.8,26.6,0
874,2022-08-26,0.0,23.3,30.6,26.9,0
875,2022-08-29,0.0,23.9,29.4,26.2,0
876,2022-08-30,0.0,22.8,31.7,26.6,0
877,2022-08-31,0.0,20.6,29.4,24.1,0
878,2022-09-01,0.0,20.6,30.0,23.9,0
879,2022-09-02,0.0,16.7,26.1,20.6,0
880,2022-09-05,0.0,22.8,31.1,25.3,0
881,2022-09-06,0.0,19.4,23.3,21.7,0
882,2022-09-07,0.0,18.3,22.2,20.1,0
883,2022-09-08,0.0,18.3,25.6,21.5,0
884,2022-09-09,0.0,16.7,26.7,21.3,0
885,2022-09-12,0.0,20.0,27.2,23.0,0
886,2022-09-13,0.0,20.0,27.8,24.3,0
887,2022-09-14,0.0,16.7,26.7,21.3,0
888,2022-09-15,0.0,16.7,23.3,19.8,0
889,2022-09-16,0.0,13.9,23.9,17.9,0
890,2022-09-19,0.0,20.0,29.4,22.6,0
891,2022-09-20,0.0,19.4,26.1,21.8,0
892,2022-09-21,0.0,16.7,26.7,20.9,0
893,2022-09-22,0.0,13.9,23.9,19.8,0
894,2022-09-23,0.0,10.6,17.2,13.5,0
895,2022-09-26,0.0,14.4,23.3,17.8,0
896,2022-09-27,0.0,15.0,21.1,16.3,0
897,2022-09-28,0.0,11.7,20.6,15.6,0
898,2022-09-29,0.0,11.7,18.9,14.9,0
899,2022-09-30,0.0,11.1,16.7,13.5,0
900,2022-10-03,0.0,8.3,11.7,10.6,0
901,2022-10-04,0.0,7.8,12.8,9.6,0
902,2022-10-05,0.0,12.2,15.0,12.8,0
903,2022-10-06,0.0,11.7,23.3,16.8,0
904,2022-10-07,0.0,14.4,24.4,17.9,0
905,2022-10-10,0.0,11.1,19.4,13.4,0
906,2022-10-11,0.0,10.6,21.1,14.4,0
907,2022-10-12,0.0,13.9,21.1,15.2,0
908,2022-10-13,0.0,12.2,20.6,17.8,0
909,2022-10-14,0.0,11.1,19.4,14.1,0
910,2022-10-17,0.0,11.7,18.9,14.1,0
911,2022-10-18,0.0,7.8,13.3,10.3,0
912,2022-10-19,0.0,5.6,12.2,7.4,0
913,2022-10-20,0.0,6.7,14.4,9.4,0
914,2022-10-21,0.0,7.8,16.7,10.2,0
915,2022-10-24,0.0,12.8,16.1,14.1,0
916,2022-10-25,0.0,16.1,21.1,18.2,0
917,2022-10-26,0.0,15.6,22.2,18.9,0
918,2022-10-27,0.0,11.1,18.3,14.6,0
919,2022-10-28,0.0,7.2,13.3,9.9,0
920,2022-10-31,0.0,10.6,18.3,12.7,0
921,2022-11-01,0.0,15.0,19.4,16.2,0
922,2022-11-02,0.0,12.2,21.1,15.3,0
923,2022-11-03,0.0,11.1,19.4,12.6,0
924,2022-11-04,0.0,11.7,21.1,13.9,0
925,2022-11-07,0.0,12.2,25.0,19.9,0
926,2022-11-08,0.0,8.3,14.4,10.2,0
927,2022-11-09,0.0,4.4,11.7,7.2,0
928,2022-11-10,0.0,8.3,18.9,11.2,0
929,2022-11-11,0.0,15.0,20.0,17.0,0
930,2022-11-14,0.0,2.8,7.2,4.0,0
931,2022-11-15,0.0,1.7,7.8,2.6,0
932,2022-11-16,0.0,3.9,10.0,5.8,0
933,2022-11-17,0.0,2.8,7.8,4.2,0
934,2022-11-18,0.0,1.1,6.7,2.9,0
935,2022-11-21,0.0,-2.7,5.0,0.4,0
936,2022-11-22,0.0,2.8,10.6,4.5,0
937,2022-11-23,0.0,5.6,12.8,5.6,0
938,2022-11-24,0.0,4.4,12.2,4.9,0
939,2022-11-25,0.0,7.8,12.8,7.7,0
940,2022-11-28,0.0,5.0,12.2,8.8,0
941,2022-11-29,0.0,2.2,6.7,2.3,0
942,2022-11-30,0.0,4.4,14.4,7.3,0
943,2022-12-01,0.0,1.7,6.1,3.1,0
944,2022-12-02,0.0,0.0,8.3,1.8,0
945,2022-12-05,0.0,2.2,8.9,2.3,0
946,2022-12-06,0.0,5.6,14.4,8.5,0
947,2022-12-07,0.0,12.2,15.0,13.5,0
948,2022-12-08,0.0,5.6,12.8,9.3,0
949,2022-12-09,0.0,2.2,7.2,3.7,0
950,2022-12-12,18.0,-2.1,3.3,-0.2,0
951,2022-12-13,0.0,-3.8,4.4,-0.9,0
952,2022-12-14,0.0,-0.5,3.9,0.5,0
953,2022-12-15,0.0,0.6,5.6,2.4,0
954,2022-12-16,0.0,3.3,6.7,4.9,0
955,2022-12-19,0.0,-0.5,3.9,0.3,0
956,2022-12-20,0.0,-1.0,3.9,0.6,0
957,2022-12-21,0.0,-2.7,4.4,-0.4,0
958,2022-12-22,0.0,1.7,8.3,2.9,0
959,2022-12-23,0.0,-13.2,14.4,2.5,0
960,2022-12-26,0.0,-7.7,-1.6,-4.6,0
961,2022-12-27,0.0,-1.6,1.7,-1.0,0
962,2022-12-28,0.0,0.6,8.3,2.2,0
963,2022-12-29,0.0,4.4,10.6,3.3,0
964,2022-12-30,0.0,7.8,16.7,6.7,0
965,2023-01-02,0.0,9.4,13.3,8.6,0
966,2023-01-03,0.0,8.3,14.4,9.9,0
967,2023-01-04,0.0,9.4,18.9,13.2,0
968,2023-01-05,0.0,6.7,10.0,8.8,0
969,2023-01-06,0.0,3.9,9.4,6.3,0
970,2023-01-09,0.0,2.8,6.7,3.2,0
971,2023-01-10,0.0,3.3,5.0,3.6,0
972,2023-01-11,0.0,1.7,3.9,2.2,0
973,2023-01-12,0.0,2.8,12.8,6.7,0
974,2023-01-13,0.0,3.3,13.9,9.1,0
975,2023-01-16,0.0,-2.1,8.9,2.2,0
976,2023-01-17,0.0,1.7,8.3,3.8,0
977,2023-01-18,0.0,5.6,11.7,7.8,0
978,2023-01-19,0.0,4.4,6.7,4.1,0
979,2023-01-20,0.0,4.4,9.4,5.7,0
980,2023-01-23,0.0,2.2,3.9,2.7,0
981,2023-01-24,0.0,1.7,7.8,3.6,0
982,2023-01-25,0.0,1.7,12.2,3.7,0
983,2023-01-26,0.0,5.0,13.9,7.3,0
984,2023-01-27,0.0,1.7,6.7,2.3,0
985,2023-01-30,0.0,6.1,12.8,6.9,0
986,2023-01-31,3.0,-0.5,10.0,2.4,0
987,2023-02-01,8.0,-3.2,3.3,-0.9,0
988,2023-02-02,0.0,-1.6,4.4,-0.4,0
989,2023-02-03,0.0,-11.6,1.7,-5.7,0
990,2023-02-06,0.0,1.1,11.1,4.2,0
991,2023-02-07,0.0,-1.0,6.1,1.4,0
992,2023-02-08,0.0,3.9,11.7,5.8,0
993,2023-02-09,0.0,5.6,12.8,6.3,0
994,2023-02-10,0.0,7.2,16.1,9.5,0
995,2023-02-13,0.0,5.0,13.9,8.3,0
996,2023-02-14,0.0,4.4,12.2,7.6,0
997,2023-02-15,0.0,8.3,19.4,11.7,0
998,2023-02-16,0.0,13.3,21.1,13.2,0
999,2023-02-17,0.0,0.0,16.1,8.6,0
1000,2023-02-20,0.0,8.3,16.1,8.9,0
1001,2023-02-21,0.0,2.8,10.0,4.7,0
1002,2023-02-22,0.0,2.8,6.7,2.7,0
1003,2023-02-23,0.0,3.3,6.7,3.9,0
1004,2023-02-24,0.0,-3.8,7.2,3.1,0
1005,2023-02-27,0.0,0.6,7.8,2.5,0
1006,2023-02-28,51.0,0.0,3.3,0.7,1
1007,2023-03-01,0.0,0.6,6.7,3.0,0
1008,2023-03-02,0.0,3.9,12.2,6.2,0
1009,2023-03-03,0.0,2.8,8.3,3.8,0
1010,2023-03-06,0.0,4.4,11.1,7.0,0
1011,2023-03-07,10.0,0.6,8.3,3.3,0
1012,2023-03-08,0.0,-0.5,8.9,2.8,0
1013,2023-03-09,0.0,0.6,10.6,4.4,0
1014,2023-03-10,0.0,1.7,7.8,3.8,0
1015,2023-03-13,0.0,3.3,7.2,4.6,0
1016,2023-03-14,0.0,0.6,3.3,1.5,0
1017,2023-03-15,0.0,1.1,7.2,3.0,0
1018,2023-03-16,0.0,1.1,15.0,6.6,0
1019,2023-03-17,0.0,8.3,15.6,10.5,0
1020,2023-03-20,0.0,-0.5,10.6,4.0,0
1021,2023-03-21,0.0,4.4,17.2,8.6,0
1022,2023-03-22,0.0,8.9,16.7,9.7,0
1023,2023-03-23,0.0,8.9,15.6,11.3,0
1024,2023-03-24,0.0,6.7,12.8,9.2,0
1025,2023-03-27,0.0,6.1,16.7,8.6,0
1026,2023-03-28,0.0,5.6,11.1,7.6,0
1027,2023-03-29,0.0,3.9,12.8,6.9,0
1028,2023-03-30,0.0,-0.5,7.8,2.9,0
1029,2023-03-31,0.0,3.3,13.9,6.4,0
1030,2023-04-03,0.0,3.9,15.0,8.1,0
1031,2023-04-04,0.0,8.9,22.8,14.9,0
1032,2023-04-05,0.0,7.8,13.9,10.0,0
1033,2023-04-06,0.0,8.3,26.7,15.1,0
1034,2023-04-07,0.0,5.6,15.6,11.0,0
1035,2023-04-10,0.0,5.6,20.0,10.6,0
1036,2023-04-11,0.0,10.6,23.9,15.5,0
1037,2023-04-12,0.0,17.8,28.9,22.4,0
1038,2023-04-13,0.0,19.4,32.2,23.8,0
1039,2023-04-14,0.0,21.1,32.8,24.5,0
1040,2023-04-17,0.0,11.7,20.0,14.2,0
1041,2023-04-18,0.0,7.2,13.9,10.2,0
1042,2023-04-19,0.0,7.2,17.8,11.0,0
1043,2023-04-20,0.0,7.2,18.9,11.6,0
1044,2023-04-21,0.0,10.6,21.7,14.7,0
1045,2023-04-24,0.0,6.7,16.7,10.8,0
1046,2023-04-25,0.0,7.8,15.6,10.6,0
1047,2023-04-26,0.0,7.8,15.6,10.2,0
1048,2023-04-27,0.0,9.4,13.9,10.9,0
1049,2023-04-28,0.0,8.3,13.3,10.1,0
1050,2023-05-01,0.0,9.4,16.1,13.1,0
1051,2023-05-02,0.0,6.7,13.3,10.2,0
1052,2023-05-03,0.0,8.3,13.9,9.9,0
1053,2023-05-04,0.0,8.9,12.8,10.2,0
1054,2023-05-05,0.0,8.9,18.9,12.3,0
1055,2023-05-08,0.0,14.4,25.0,19.5,0
1056,2023-05-09,0.0,12.2,21.7,15.3,0
1057,2023-05-10,0.0,10.0,22.8,15.5,0
1058,2023-05-11,0.0,13.9,26.7,19.7,0
1059,2023-05-12,0.0,18.3,30.6,22.7,0
1060,2023-05-15,0.0,11.1,23.3,17.3,0
1061,2023-05-16,0.0,14.4,26.1,20.3,0
1062,2023-05-17,0.0,10.0,20.6,15.0,0
1063,2023-05-18,0.0,6.1,16.1,10.9,0
1064,2023-05-19,0.0,11.1,21.1,15.1,0
1065,2023-05-22,0.0,13.9,23.9,17.4,0
1066,2023-05-23,0.0,12.2,21.1,15.9,0
1067,2023-05-24,0.0,11.7,25.0,16.7,0
1068,2023-05-25,0.0,10.0,20.0,14.9,0
1069,2023-05-26,0.0,11.7,22.2,16.5,0
1070,2023-05-29,0.0,15.0,26.1,19.9,0
1071,2023-05-30,0.0,12.8,22.2,16.2,0
1072,2023-05-31,0.0,10.6,25.0,17.3,0
1073,2023-06-01,0.0,15.0,30.6,21.7,0
1074,2023-06-02,0.0,18.9,32.8,24.4,0
1075,2023-06-05,0.0,13.3,24.4,18.2,0
1076,2023-06-06,0.0,15.6,26.1,19.5,0
1077,2023-06-07,0.0,13.9,20.6,16.3,0
1078,2023-06-08,0.0,12.8,22.2,15.9,0
1079,2023-06-09,0.0,14.4,22.2,17.7,0
1080,2023-06-12,0.0,18.9,25.6,22.4,0
1081,2023-06-13,0.0,17.8,25.6,21.2,0
1082,2023-06-14,0.0,17.2,24.4,19.2,0
1083,2023-06-15,0.0,16.1,25.0,20.5,0
1084,2023-06-16,0.0,17.2,26.1,20.0,0
1085,2023-06-19,0.0,18.3,27.2,21.6,0
1086,2023-06-20,0.0,17.8,25.6,20.4,0
1087,2023-06-21,0.0,16.7,22.8,18.9,0
1088,2023-06-22,0.0,15.6,22.2,18.2,0
1089,2023-06-23,0.0,18.3,21.7,20.1,0
1090,2023-06-26,0.0,20.0,25.6,22.4,0
1091,2023-06-27,0.0,18.9,26.1,21.5,0
1092,2023-06-28,0.0,18.9,27.8,22.8,0
1093,2023-06-29,0.0,18.3,27.8,23.7,0
1094,2023-06-30,0.0,21.1,28.9,24.2,0
1095,2023-07-03,0.0,22.2,31.7,26.7,0
1096,2023-07-04,0.0,22.8,28.3,25.1,0
1097,2023-07-05,0.0,22.2,33.9,27.4,0
1098,2023-07-06,0.0,23.9,32.2,27.9,0
1099,2023-07-07,0.0,23.3,30.6,26.4,0
1100,2023-07-10,0.0,21.7,28.9,25.0,0
1101,2023-07-11,0.0,20.0,31.7,25.5,0
1102,2023-07-12,0.0,24.4,32.8,27.8,0
1103,2023-07-13,0.0,25.0,31.1,27.9,0
1104,2023-07-14,0.0,21.7,28.9,25.3,0
1105,2023-07-17,0.0,23.3,31.1,26.8,0
1106,2023-07-18,0.0,22.8,28.9,25.5,0
1107,2023-07-19,0.0,22.2,26.7,24.0,0
1108,2023-07-20,0.0,22.2,31.1,25.3,0
1109,2023-07-21,0.0,21.7,28.9,25.7,0
1110,2023-07-24,0.0,23.3,29.4,25.6,0
1111,2023-07-25,0.0,20.0,30.0,24.0,0
1112,2023-07-26,0.0,20.0,30.6,24.9,0
1113,2023-07-27,0.0,23.9,33.3,28.2,0
1114,2023-07-28,0.0,23.9,33.3,28.6,0
1115,2023-07-31,0.0,18.9,29.4,23.1,0
1116,2023-08-01,0.0,18.3,27.8,22.8,0
1117,2023-08-02,0.0,17.8,27.2,21.1,0
1118,2023-08-03,0.0,18.9,26.7,22.0,0
1119,2023-08-04,0.0,21.7,25.0,22.8,0
1120,2023-08-07,0.0,20.0,27.2,23.9,0
1121,2023-08-08,0.0,21.1,26.7,23.4,0
1122,2023-08-09,0.0,20.6,30.0,24.8,0
1123,2023-08-10,0.0,21.1,27.2,22.3,0
1124,2023-08-11,0.0,19.4,29.4,23.7,0
1125,2023-08-14,0.0,22.2,30.6,25.4,0
1126,2023-08-15,0.0,21.1,26.7,22.9,0
1127,2023-08-16,0.0,20.6,27.8,23.9,0
1128,2023-08-17,0.0,22.2,26.1,23.0,0
1129,2023-08-18,0.0,18.3,26.7,23.6,0
1130,2023-08-21,0.0,22.8,31.1,25.4,0
1131,2023-08-22,0.0,19.4,26.1,22.4,0
1132,2023-08-23,0.0,17.8,26.7,21.0,0
1133,2023-08-24,0.0,19.4,22.8,21.1,0
1134,2023-08-25,0.0,20.6,25.6,22.9,0
1135,2023-08-28,0.0,20.6,24.4,22.0,0
1136,2023-08-29,0.0,20.0,26.7,23.1,0
1137,2023-08-30,0.0,20.0,28.3,24.2,0
1138,2023-08-31,0.0,17.8,25.0,20.4,0
1139,2023-09-01,0.0,16.1,24.4,19.2,0
1140,2023-09-04,0.0,22.8,31.7,27.0,0
1141,2023-09-05,0.0,23.9,33.3,28.2,0
1142,2023-09-06,0.0,25.0,33.9,28.9,0
1143,2023-09-07,0.0,24.4,33.9,28.6,0
1144,2023-09-08,0.0,21.7,32.2,24.2,0
1145,2023-09-11,0.0,20.6,27.8,23.4,0
1146,2023-09-12,0.0,20.0,27.8,23.3,0
1147,2023-09-13,0.0,21.1,26.1,23.7,0
1148,2023-09-14,0.0,17.2,25.0,20.8,0
1149,2023-09-15,0.0,14.4,20.6,16.7,0
1150,2023-09-18,0.0,15.6,20.0,18.3,0
1151,2023-09-19,0.0,14.4,22.2,18.0,0
1152,2023-09-20,0.0,14.4,23.3,17.9,0
1153,2023-09-21,0.0,13.9,21.7,17.1,0
1154,2023-09-22,0.0,15.0,21.7,17.6,0
1155,2023-09-25,0.0,13.9,18.9,15.3,0
1156,2023-09-26,0.0,12.2,15.6,15.1,0
1157,2023-09-27,0.0,10.0,17.8,14.5,0
1158,2023-09-28,0.0,13.3,18.3,14.5,0
1159,2023-09-29,0.0,15.0,17.2,15.2,0
1160,2023-10-02,0.0,17.2,25.0,20.3,0
1161,2023-10-03,0.0,16.1,26.7,20.5,0
1162,2023-10-04,0.0,18.9,28.3,21.9,0
1163,2023-10-05,0.0,16.7,25.0,19.9,0
1164,2023-10-06,0.0,19.4,21.7,20.4,0
1165,2023-10-09,0.0,9.4,15.6,11.4,0
1166,2023-10-10,0.0,11.1,17.2,13.5,0
1167,2023-10-11,0.0,12.8,20.6,15.4,0
1168,2023-10-12,0.0,11.7,20.6,14.7,0
1169,2023-10-13,0.0,10.6,17.2,13.2,0
1170,2023-10-16,0.0,8.9,17.2,12.0,0
1171,2023-10-17,0.0,10.6,16.1,12.9,0
1172,2023-10-18,0.0,11.1,17.2,13.3,0
1173,2023-10-19,0.0,11.1,17.8,13.5,0
1174,2023-10-20,0.0,15.0,17.2,16.1,0
1175,2023-10-23,0.0,8.3,15.6,10.8,0
1176,2023-10-24,0.0,8.3,18.3,11.3,0
1177,2023-10-25,0.0,11.7,22.2,15.6,0
1178,2023-10-26,0.0,14.4,25.0,17.2,0
1179,2023-10-27,0.0,17.2,23.3,17.9,0
1180,2023-10-30,0.0,10.0,15.6,11.3,0
1181,2023-10-31,0.0,7.2,10.6,9.0,0
1182,2023-11-01,0.0,3.9,9.4,6.4,0
1183,2023-11-02,0.0,1.7,8.9,5.4,0
1184,2023-11-03,0.0,5.6,12.8,7.1,0
1185,2023-11-06,0.0,6.7,13.3,9.4,0
1186,2023-11-07,0.0,11.7,17.8,13.7,0
1187,2023-11-08,0.0,6.1,12.2,7.6,0
1188,2023-11-09,0.0,5.6,13.9,8.5,0
1189,2023-11-10,0.0,7.2,11.7,8.3,0
1190,2023-11-13,0.0,1.7,9.4,3.7,0
1191,2023-11-14,0.0,5.6,11.7,6.6,0
1192,2023-11-15,0.0,3.9,11.7,6.0,0
1193,2023-11-16,0.0,7.8,18.3,10.1,0
1194,2023-11-17,0.0,11.1,19.4,12.3,0
1195,2023-11-20,0.0,2.8,7.8,3.6,0
1196,2023-11-21,0.0,0.6,8.9,4.0,0
1197,2023-11-22,0.0,8.9,12.2,9.8,0
1198,2023-11-23,0.0,6.7,11.1,8.5,0
1199,2023-11-24,0.0,0.6,10.6,6.3,0
1200,2023-11-27,0.0,2.2,13.3,6.8,0
1201,2023-11-28,0.0,0.0,5.0,0.8,0
1202,2023-11-29,0.0,-2.7,3.3,-0.2,0
1203,2023-11-30,0.0,1.1,10.6,4.1,0
1204,2023-12-01,0.0,6.1,10.6,4.9,0
1205,2023-12-04,0.0,5.6,12.2,7.4,0
1206,2023-12-05,0.0,3.3,6.1,3.9,0
1207,2023-12-06,0.0,0.6,6.1,1.8,0
1208,2023-12-07,0.0,0.0,3.9,0.7,0
1209,2023-12-08,0.0,3.3,10.6,4.5,0
1210,2023-12-11,0.0,3.3,10.0,5.0,0
1211,2023-12-12,0.0,2.2,6.7,3.3,0
1212,2023-12-13,0.0,2.2,8.3,3.5,0
1213,2023-12-14,0.0,0.6,5.0,1.5,0
1214,2023-12-15,0.0,2.8,14.4,6.0,0
1215,2023-12-18,0.0,5.6,16.7,12.0,0
1216,2023-12-19,0.0,0.0,6.7,2.6,0
1217,2023-12-20,0.0,-1.0,7.8,1.9,0
1218,2023-12-21,0.0,-1.0,5.6,1.8,0
1219,2023-12-22,0.0,-3.8,2.8,-1.1,0
1220,2023-12-25,0.0,6.1,9.4,7.1,0
1221,2023-12-26,0.0,6.7,10.6,7.4,0
1222,2023-12-27,0.0,7.2,10.0,7.5,0
1223,2023-12-28,0.0,9.4,12.8,10.2,0
1224,2023-12-29,0.0,7.8,12.8,9.5,0
1225,2024-01-01,0.0,1.7,8.3,4.6,0
1226,2024-01-02,0.0,-1.6,5.6,1.3,0
1227,2024-01-03,0.0,1.1,6.1,2.3,0
1228,2024-01-04,0.0,-2.1,7.2,2.6,0
1229,2024-01-05,0.0,-3.2,2.8,-1.1,0
1230,2024-01-08,0.0,2.2,7.2,2.9,0
1231,2024-01-09,0.0,2.2,13.9,4.9,0
1232,2024-01-10,0.0,6.7,13.9,9.2,2
1233,2024-01-11,0.0,5.0,8.3,5.8,0
1234,2024-01-12,0.0,4.4,10.0,5.5,0
1235,2024-01-15,0.0,-4.9,-1.6,-3.7,0
1236,2024-01-16,38.0,-5.5,0.0,-3.6,2
1237,2024-01-17,0.0,-8.2,-4.3,-6.7,2
1238,2024-01-18,0.0,-5.5,1.1,-3.5,0
1239,2024-01-19,0.0,-3.2,0.0,-2.5,3
1240,2024-01-22,0.0,-3.8,3.3,-1.8,0
1241,2024-01-23,0.0,1.1,4.4,2.2,0
1242,2024-01-24,0.0,3.3,8.9,4.0,0
1243,2024-01-25,0.0,7.8,15.0,9.7,0
1244,2024-01-26,0.0,5.6,7.8,5.8,0
1245,2024-01-29,0.0,2.2,4.4,2.7,0
1246,2024-01-30,0.0,1.7,3.3,1.6,0
1247,2024-01-31,0.0,1.1,4.4,2.3,0
1248,2024-02-01,0.0,2.8,7.8,3.9,0
1249,2024-02-02,0.0,3.3,7.8,4.7,0
1250,2024-02-05,0.0,0.0,7.2,2.0,0
1251,2024-02-06,0.0,-1.6,5.6,1.1,0
1252,2024-02-07,0.0,0.6,8.9,3.2,0
1253,2024-02-08,0.0,2.8,11.7,4.9,0
1254,2024-02-09,0.0,6.1,12.8,7.2,0
1255,2024-02-12,0.0,2.8,8.9,4.5,0
1256,2024-02-13,150.0,0.6,5.0,1.7,1
1257,2024-02-14,0.0,-1.6,3.3,-0.4,0
1258,2024-02-15,0.0,-2.7,3.9,-0.4,0
1259,2024-02-16,0.0,2.2,6.1,2.9,0
1260,2024-02-19,0.0,-0.5,5.0,1.1,0
1261,2024-02-20,0.0,-3.2,4.4,-0.9,0
1262,2024-02-21,0.0,-1.0,6.1,0.1,0
1263,2024-02-22,0.0,1.7,7.2,2.7,0
1264,2024-02-23,0.0,5.6,8.3,6.2,0
1265,2024-02-26,0.0,1.7,12.8,4.5,0
1266,2024-02-27,0.0,4.4,12.8,7.6,0
1267,2024-02-28,0.0,6.7,16.7,12.6,0
1268,2024-02-29,0.0,-0.5,6.1,1.5,0
1269,2024-03-01,0.0,-1.0,8.9,2.3,0
1270,2024-03-04,0.0,7.8,15.0,10.2,0
1271,2024-03-05,0.0,5.6,9.4,6.7,0
1272,2024-03-06,0.0,8.3,11.7,9.0,0
1273,2024-03-07,0.0,6.7,12.2,10.0,0
1274,2024-03-08,0.0,4.4,13.9,7.3,0
1275,2024-03-11,0.0,1.7,11.1,5.5,0
1276,2024-03-12,0.0,6.1,18.9,11.1,0
1277,2024-03-13,0.0,8.9,16.7,10.8,0
1278,2024-03-14,0.0,7.8,23.3,13.2,0
1279,2024-03-15,0.0,10.6,22.8,14.6,0
1280,2024-03-18,0.0,3.3,10.6,6.4,0
1281,2024-03-19,0.0,2.2,8.9,3.7,0
1282,2024-03-20,0.0,1.1,13.9,5.7,0
1283,2024-03-21,0.0,-1.0,6.1,1.1,0
1284,2024-03-22,0.0,-1.6,7.8,1.6,0
1285,2024-03-25,0.0,1.7,11.7,5.5,0
1286,2024-03-26,0.0,3.9,11.7,6.9,0
1287,2024-03-27,0.0,5.6,11.1,7.5,0
1288,2024-03-28,0.0,6.7,10.6,8.5,0
1289,2024-03-29,0.0,5.6,13.3,7.4,0
1290,2024-04-01,0.0,9.4,12.2,9.5,0
1291,2024-04-02,0.0,6.7,10.6,6.9,0
1292,2024-04-03,0.0,5.0,7.2,5.2,0
1293,2024-04-04,0.0,2.8,11.7,5.3,0
1294,2024-04-05,0.0,3.3,10.0,6.0,0
1295,2024-04-08,0.0,6.1,20.6,10.7,0
1296,2024-04-09,0.0,12.8,26.7,16.2,0
1297,2024-04-10,0.0,10.6,19.4,13.7,0
1298,2024-04-11,0.0,10.0,16.1,13.0,0
1299,2024-04-12,0.0,13.3,17.2,15.4,0
1300,2024-04-15,0.0,14.4,27.8,19.2,0
1301,2024-04-16,0.0,12.2,22.8,15.6,0
1302,2024-04-17,0.0,10.0,16.7,11.7,0
1303,2024-04-18,0.0,7.2,10.0,8.0,0
1304,2024-04-19,0.0,7.8,15.6,9.9,0
1305,2024-04-22,0.0,5.6,17.8,9.5,0
1306,2024-04-23,0.0,7.8,18.3,10.7,0
1307,2024-04-24,0.0,10.0,23.3,14.3,0
1308,2024-04-25,0.0,6.1,15.6,8.4,0
1309,2024-04-26,0.0,6.1,18.3,9.5,0
1310,2024-04-29,0.0,17.2,30.6,21.7,0
1311,2024-04-30,0.0,11.1,18.9,13.7,0
1312,2024-05-01,0.0,11.7,26.7,16.0,0
1313,2024-05-02,0.0,11.7,26.1,18.8,0
1314,2024-05-03,0.0,11.1,18.3,14.0,0
1315,2024-05-06,0.0,11.7,23.3,16.9,0
1316,2024-05-07,0.0,15.0,26.7,20.6,0
1317,2024-05-08,0.0,18.3,28.9,23.6,0
1318,2024-05-09,0.0,13.3,21.1,18.1,0
1319,2024-05-10,0.0,8.9,13.3,10.8,0
1320,2024-05-13,0.0,9.4,18.3,13.2,0
1321,2024-05-14,0.0,12.8,22.2,17.5,0
1322,2024-05-15,0.0,15.0,17.8,16.5,0
1323,2024-05-16,0.0,15.0,17.8,16.5,0
1324,2024-05-17,0.0,14.4,22.2,18.6,0
1325,2024-05-20,0.0,12.8,23.3,18.1,0
1326,2024-05-21,0.0,14.4,28.3,21.8,0
1327,2024-05-22,0.0,19.4,28.9,24.3,0
1328,2024-05-23,0.0,19.4,26.1,23.5,0
1329,2024-05-24,0.0,20.0,28.9,24.3,0
1330,2024-05-27,0.0,18.9,22.8,21.5,0
1331,2024-05-28,0.0,18.3,26.1,21.9,0
1332,2024-05-29,0.0,15.6,24.4,19.7,0
1333,2024-05-30,0.0,13.9,21.7,17.8,0
1334,2024-05-31,0.0,15.0,23.9,19.5,0
